-- phpMyAdmin SQL Dump
-- version 5.2.1
-- https://www.phpmyadmin.net/
--
-- Servidor: localhost:3306
-- Tiempo de generación: 12-06-2024 a las 19:30:32
-- Versión del servidor: 10.6.17-MariaDB-cll-lve
-- Versión de PHP: 8.1.27

SET SQL_MODE = "NO_AUTO_VALUE_ON_ZERO";
START TRANSACTION;
SET time_zone = "+00:00";


/*!40101 SET @OLD_CHARACTER_SET_CLIENT=@@CHARACTER_SET_CLIENT */;
/*!40101 SET @OLD_CHARACTER_SET_RESULTS=@@CHARACTER_SET_RESULTS */;
/*!40101 SET @OLD_COLLATION_CONNECTION=@@COLLATION_CONNECTION */;
/*!40101 SET NAMES utf8mb4 */;

--
-- Base de datos: `concfcqa_recetasdb`
--

-- --------------------------------------------------------

--
-- Estructura de tabla para la tabla `carrusel`
--

CREATE TABLE `carrusel` (
  `id_caru` int(11) NOT NULL,
  `nombre` varchar(50) NOT NULL,
  `url_imagen` varchar(300) NOT NULL,
  `fecha_creacion` datetime NOT NULL,
  `estado` int(11) NOT NULL DEFAULT 0,
  `id_usr` int(11) NOT NULL
) ENGINE=InnoDB DEFAULT CHARSET=utf8mb4 COLLATE=utf8mb4_general_ci;

--
-- Volcado de datos para la tabla `carrusel`
--

INSERT INTO `carrusel` (`id_caru`, `nombre`, `url_imagen`, `fecha_creacion`, `estado`, `id_usr`) VALUES
(1, 'a', 'https://toparticulos.es/wp-content/uploads/2018/01/trucos-cocina-principiantes-823x480.jpg', '2023-07-12 00:00:00', 1, 2),
(2, 'b', 'https://frenchs.com.mx/webroot/files/slides/Banner_2.png', '2023-07-12 00:00:00', 1, 2),
(3, 'c', 'https://www.aldelis.com/wp-content/uploads/2018/12/blog_aldelis-2.jpg', '2023-07-12 00:00:00', 1, 2),
(4, 'd', 'https://www.cwp.com.mx/wp-content/uploads/2018/10/5-tips-para-que-tus-recetas-nunca-fallen-768x402.jpg', '2023-07-12 00:00:00', 1, 2);

-- --------------------------------------------------------

--
-- Estructura de tabla para la tabla `categoria`
--

CREATE TABLE `categoria` (
  `id_cat` int(11) NOT NULL,
  `nombre` varchar(50) NOT NULL,
  `url_imagen` varchar(300) NOT NULL,
  `estado` tinyint(4) NOT NULL DEFAULT 0,
  `fecha_creacion` datetime NOT NULL,
  `Comentario` text DEFAULT NULL,
  `id_usr` int(11) NOT NULL
) ENGINE=InnoDB DEFAULT CHARSET=utf8mb4 COLLATE=utf8mb4_general_ci;

--
-- Volcado de datos para la tabla `categoria`
--

INSERT INTO `categoria` (`id_cat`, `nombre`, `url_imagen`, `estado`, `fecha_creacion`, `Comentario`, `id_usr`) VALUES
(1, 'Desayuno', 'https://www.themealdb.com/images/media/meals/utxryw1511721587.jpg', 1, '2023-06-27 11:19:33', NULL, 2),
(2, 'Carne', 'https://www.themealdb.com/images/ingredients/Beef.png', 1, '2023-06-27 11:20:20', NULL, 2),
(3, 'Pollo', 'https://www.themealdb.com/images/ingredients/Chicken.png', 1, '2023-06-27 11:20:29', NULL, 2),
(4, 'Postre', 'https://images.immediate.co.uk/production/volatile/sites/30/2020/08/recipe-image-legacy-id-22625_11-a8ee4fa.jpg', 1, '2023-06-27 11:20:44', NULL, 2),
(6, 'Cabra', 'https://www.themealdb.com/images/media/meals/cuio7s1555492979.jpg', 1, '2023-06-27 11:21:03', NULL, 2),
(7, 'Cordero', 'https://www.themealdb.com/images/media/meals/pn59o51628769837.jpg', 1, '2023-06-27 11:21:15', NULL, 2),
(8, 'Misceláneos', 'https://reunionsmag.com/wp-content/uploads/2020/12/salads.jpg', 1, '2023-06-27 11:21:24', NULL, 2),
(9, 'Pasta', 'https://www.themealdb.com/images/media/meals/wvqpwt1468339226.jpg', 1, '2023-06-27 11:21:37', NULL, 2),
(10, 'Cerdo', 'https://www.themealdb.com/images/ingredients/Pork.png', 1, '2023-06-27 11:21:52', NULL, 2),
(11, 'Mariscos', 'https://myfoodbook.com.au/sites/default/files/styles/card_c_wd_wp/public/recipe_photo/Easy_As_Aussie_Seafood_Platter_vert%20copy.jpg', 1, '2023-06-27 11:22:05', NULL, 2),
(13, 'Entrada', 'https://img.taste.com.au/RhosJEon/w720-h480-cfill-q80/taste/2016/11/roasted-stuffed-mushrooms-80629-1.jpeg', 1, '2023-06-27 11:40:32', NULL, 2),
(14, 'Vegana', 'https://www.themealdb.com/images/media/meals/rvxxuy1468312893.jpg', 1, '2023-06-27 11:40:43', NULL, 2),
(15, 'Vegetariana', 'https://www.themealdb.com/images/media/meals/vptwyt1511450962.jpg', 1, '2023-06-27 11:40:50', NULL, 2);

-- --------------------------------------------------------

--
-- Estructura de tabla para la tabla `pais`
--

CREATE TABLE `pais` (
  `id_pais` int(11) NOT NULL,
  `nombre` varchar(50) NOT NULL,
  `url_imagen` varchar(300) NOT NULL,
  `estado` int(11) NOT NULL DEFAULT 0,
  `fecha_creacion` datetime NOT NULL,
  `Comentario` int(11) DEFAULT NULL,
  `id_usr` int(11) NOT NULL
) ENGINE=InnoDB DEFAULT CHARSET=utf8mb4 COLLATE=utf8mb4_general_ci;

--
-- Volcado de datos para la tabla `pais`
--

INSERT INTO `pais` (`id_pais`, `nombre`, `url_imagen`, `estado`, `fecha_creacion`, `Comentario`, `id_usr`) VALUES
(1, 'Americano', 'https://www.themealdb.com/images/icons/flags/big/64/us.png', 1, '2023-06-26 23:58:57', NULL, 2),
(2, 'Británico', 'https://www.themealdb.com/images/icons/flags/big/64/gb.png', 1, '2023-06-27 10:00:19', NULL, 2),
(3, 'Canadiense', 'https://www.themealdb.com/images/icons/flags/big/64/ca.png', 1, '2023-06-27 10:55:58', NULL, 2),
(4, 'Español', 'https://www.themealdb.com/images/icons/flags/big/64/es.png', 1, '2023-06-27 10:57:06', NULL, 2),
(5, 'Mexicana', 'https://www.themealdb.com/images/icons/flags/big/64/mx.png', 1, '2023-06-27 10:57:47', NULL, 2),
(6, 'Argentina', 'https://www.themealdb.com/images/icons/flags/big/64/ar.png', 1, '2023-06-27 10:59:34', NULL, 2);

-- --------------------------------------------------------

--
-- Estructura de tabla para la tabla `receta`
--

CREATE TABLE `receta` (
  `id_receta` int(11) NOT NULL,
  `nombre` varchar(200) NOT NULL,
  `url_imagen` varchar(300) NOT NULL,
  `ingrediente` text NOT NULL,
  `preparacion` text NOT NULL,
  `estado` tinyint(4) NOT NULL,
  `id_cat` int(11) NOT NULL,
  `id_pais` int(11) NOT NULL,
  `fecha_creacion` date NOT NULL,
  `id_usr` int(11) NOT NULL
) ENGINE=InnoDB DEFAULT CHARSET=utf8mb4 COLLATE=utf8mb4_general_ci;

--
-- Volcado de datos para la tabla `receta`
--

INSERT INTO `receta` (`id_receta`, `nombre`, `url_imagen`, `ingrediente`, `preparacion`, `estado`, `id_cat`, `id_pais`, `fecha_creacion`, `id_usr`) VALUES
(1, 'Banana Pancakes', 'https://www.themealdb.com/images/media/meals/sywswr1511383814.jpg', '1 1/4 tazas de harina para todo uso\r\n2 cucharaditas de polvo de hornear\r\n1/4 cucharadita de sal\r\n1 cucharada de azúcar\r\n1 taza de leche\r\n1 huevo\r\n2 cucharadas de mantequilla derretida\r\n1 cucharadita de extracto de vainilla\r\n2 bananas maduras, aplastadas', 'En un tazón mediano, mezcla la harina, el polvo de hornear, la sal y el azúcar.\r\n\r\nEn otro tazón, bate la leche, el huevo, la mantequilla derretida y la vainilla.\r\n\r\nVierte la mezcla líquida en la mezcla de harina y revuelve suavemente hasta que se combinen, pero sin batir demasiado. Deja que descanse por 5 minutos.\r\n\r\nIncorpora las bananas aplastadas a la masa y mezcla suavemente.\r\n\r\nCalienta una sartén antiadherente a fuego medio. Vierte porciones de 1/4 de taza de la masa en la sartén caliente.\r\n\r\nCocina hasta que se formen burbujas en la superficie y los bordes se vean secos, de 2 a 3 minutos. Da la vuelta y cocina el otro lado hasta que esté dorado, de 1 a 2 minutos más.\r\n\r\nSirve los panqueques calientes con mantequilla, jarabe de arce, frutas frescas o cualquier otro acompañamiento que prefieras.\r\n\r\nLos panqueques de banana son suaves, esponjosos y tienen un delicioso sabor a banana. ¡Son perfectos para un desayuno o brunch especial!', 1, 4, 1, '2023-06-27', 2),
(2, 'Chocolate Caliente tipo Fudge', 'https://www.themealdb.com/images/media/meals/xrysxr1483568462.jpg', '1 lata (14 oz) de leche condensada azucarada\r\n1/2 taza de leche\r\n1/4 taza de crema espesa o crema para batir\r\n8 oz de chocolate semi-amargo, picado\r\n1 cucharadita de extracto de vainilla\r\n1/4 cucharadita de sal', 'En una cacerola mediana, combina la leche condensada, la leche y la crema. Calienta a fuego medio, revolviendo constantemente, hasta que la mezcla esté caliente pero sin hervir.\r\n\r\nRetira del fuego y agrega el chocolate picado. Deja reposar durante 2-3 minutos para que el chocolate se derrita.\r\n\r\nRevuelve con un batidor de mano hasta que la mezcla esté completamente suave y el chocolate esté bien incorporado.\r\n\r\nAgrega la vainilla y la sal y mezcla bien.\r\n\r\nVierte el chocolate caliente en tazas o jarras para servir. Puedes cubrir la superficie con malvaviscos o crema batida si lo deseas.\r\n\r\nSirve caliente y disfruta de este rico y espeso chocolate fudge.\r\n\r\nAlgunas notas:\r\n\r\nPuedes usar chocolate semi-amargo o amargo según tu preferencia de sabor.\r\nPara una consistencia más espesa, usa más crema espesa o menos leche.\r\nPuedes agregar un toque de canela, cayena u otras especias si lo deseas.\r\nSe puede almacenar en el refrigerador y recalentar antes de servir.\r\nEste chocolate fudge caliente es sumamente cremoso, rico y decadente. ¡Perfecto para disfrutar en una noche fría!', 1, 4, 1, '2023-06-27', 2),
(3, 'Asado de tira, en olla', 'https://www.tipicochileno.cl/wp-content/uploads/2011/05/asado-de-tira-a-la-cacerola.png', '3-4 libras de falda de res deshuesada\r\n2 cucharadas de aceite vegetal\r\n1 cebolla grande, cortada en cuartos\r\n4 dientes de ajo, pelados\r\n1 taza de caldo de carne o vino tinto\r\n1 lata (14.5 oz) de tomates cortados en trozos\r\n2 ramitas de tomillo fresco\r\n2 ramitas de romero fresco\r\n1 hoja de laurel\r\nSal y pimienta al gusto', 'Precalienta el horno a 325°F (165°C).\r\n\r\nCalienta el aceite en una olla de cocción lenta u olla holandesa grande a fuego medio-alto. Dora la falda de res por todos lados hasta que esté bien sellada, aproximadamente 2-3 minutos por cada lado. Retira y reserva.\r\n\r\nEn la misma olla, agrega la cebolla y el ajo. Cocina brevemente hasta que estén ligeramente dorados.\r\n\r\nRegresa la falda de res a la olla y agrega el caldo/vino, los tomates, el tomillo, el romero, la hoja de laurel, sal y pimienta.\r\n\r\nTapa la olla y transfiere al horno precalentado. Cocina a fuego lento durante 3-4 horas o hasta que la carne esté muy tierna.\r\n\r\nRetira la carne de la olla y cubre con papel aluminio para mantenerla caliente.\r\n\r\nSi lo deseas, puedes hacer una salsa espesa con el líquido de cocción. Transfiere el líquido a una cacerola y deja hervir hasta que se reduzca a la mitad o hasta obtener la consistencia deseada.\r\n\r\nCorta la falda de res en rodajas gruesas contra la fibra de la carne. Sirve las rodajas de carne bañadas con la salsa.\r\n\r\nEste asado de falda de res es increíblemente tierno y jugoso después de cocinarse lentamente. La carne se deshace con el tenedor y absorbe todos los deliciosos sabores de las verduras, hierbas y vino. ¡Un plato reconfortante y perfecto para una comida familiar!', 1, 2, 1, '2023-06-27', 2),
(4, 'Pollo Frito tipo, Kentucky Fried Chicken', 'https://www.themealdb.com/images/media/meals/xqusqy1487348868.jpg', '1 pollo entero, cortado en 8 piezas\r\n1 taza de leche de almendras o leche regular\r\n1 huevo\r\n1 1/2 tazas de harina para todo uso\r\n2 cucharaditas de sal\r\n1 cucharadita de pimienta negra molida\r\n1 cucharadita de paprika ahumada\r\n1/2 cucharadita de ajo en polvo\r\n1/2 cucharadita de cebolla en polvo\r\nAceite vegetal para freír (cantidad suficiente para cubrir 1/3 de la olla)', 'Remoja las piezas de pollo en la leche durante al menos 30 minutos o hasta 1 hora en el refrigerador.\r\n\r\nEn un tazón, bate el huevo y un chorrito de agua fría. En otro tazón, mezcla la harina, sal, pimienta, paprika, ajo en polvo y cebolla en polvo.\r\n\r\nRetira las piezas de pollo de la leche y pásalas por la mezcla de huevo batido, asegurándote de cubrirlas bien.\r\n\r\nLuego, pasa las piezas por la mezcla de harina seca, presionando para que se adhiera bien el rebozado.\r\n\r\nCalienta al menos 3 pulgadas de aceite vegetal en una olla grande o freidora a 350°F (175°C).\r\n\r\nFríe las piezas de pollo en el aceite caliente durante 15-18 minutos por lado o hasta que estén doradas y crujientes. Ajusta el calor según sea necesario para mantener la temperatura.\r\n\r\nRetira el pollo frito con una espumadera y colócalo sobre una rejilla con papel absorbente para drenar el exceso de aceite.\r\n\r\nDeja reposar 5 minutos antes de servir.\r\n\r\nPuedes acompañar este delicioso pollo frito casero con papas fritas, ensalada de col, salsa ranch o tus aderezos favoritos. ¡Quedará crujiente por fuera y jugoso por dentro, igual que el auténtico KFC!', 1, 3, 1, '2023-06-27', 2),
(5, 'Sándwiches desaliñados de cerdo a la barbacoa', 'https://www.themealdb.com/images/media/meals/atd5sh1583188467.jpg', '1 libra de carne de cerdo molida\r\n1 cebolla grande, finamente picada\r\n2 dientes de ajo, picados\r\n1 taza de salsa barbacoa\r\n1/4 taza de salsa de tomate\r\n2 cucharadas de mostaza de Dijon\r\n1 cucharadita de vinagre de sidra de manzana\r\n1 cucharadita de azúcar moreno\r\n1/2 cucharadita de pimentón ahumado\r\nSal y pimienta al gusto\r\nPanes para hamburguesas\r\nLechuga, tomate, cebolla, para acompañar (opcional)', 'En una sartén grande a fuego medio-alto, cocina la carne de cerdo molida junto con la cebolla y el ajo hasta que el cerdo esté bien cocido y la cebolla esté tierna, aproximadamente 5-7 minutos. Asegúrate de desmenuzar bien la carne mientras se cocina.\r\n\r\nAgrega la salsa barbacoa, la salsa de tomate, la mostaza de Dijon, el vinagre de sidra, el azúcar moreno y el pimentón ahumado. Revuelve bien para combinar todos los ingredientes.\r\n\r\nReduce el fuego a bajo y deja que la mezcla se caliente a fuego lento durante unos 10 minutos más, revolviendo ocasionalmente. Ajusta la sazón con sal y pimienta al gusto.\r\n\r\nMientras tanto, calienta o tuesta los panes para hamburguesas.\r\n\r\nColoca generosas porciones de la mezcla de cerdo BBQ en los panes inferiores. Cubre con las tapas de los panes.\r\n\r\nSi lo deseas, puedes servir los sándwiches con lechuga, tomate, cebolla u otros acompañamientos de tu preferencia.\r\n\r\nEstos BBQ Pork Sloppy Joes son una comida reconfortante y deliciosa. La carne de cerdo desmenuzada se mezcla con una salsa barbacoa casera y especias ahumadas para obtener un sabor increíblemente sabroso. Perfecto para una cena familiar o para un día de partido.', 1, 10, 1, '2023-06-27', 2),
(6, 'Hamburguesa  Big Mac', 'https://www.themealdb.com/images/media/meals/urzj1d1587670726.jpg', '1 libra de carne molida de res\r\n1 cebolla pequeña, finamente picada\r\n2 dientes de ajo, picados\r\nSal y pimienta al gusto\r\n4 panes para hamburguesa con semillas de sésamo\r\nLechuga iceberg cortada en tiras\r\n2 tomates en rodajas\r\nPepinos en vinagre (chips o rodajas)\r\n\r\nSalsa Big Mac:\r\n\r\n1/2 taza de mayonesa\r\n2 cucharadas de cebolla picada finamente\r\n1 cucharada de pepinillos en vinagre picados\r\n2 cucharaditas de mostaza amarilla\r\n1 cucharadita de vinagre de sidra de manzana\r\n1 cucharadita de azúcar blanca\r\n1/2 cucharadita de sal\r\n1/4 cucharadita de pimienta blanca', 'En un tazón, mezcla la carne molida con la cebolla, ajo, sal y pimienta hasta integrar bien.\r\nForma 8 porciones delgadas de hamburguesa con la mezcla de carne.\r\nCocina las hamburguesas en una sartén caliente hasta que estén bien cocidas.\r\nMientras tanto, prepara la salsa Big Mac mezclando todos sus ingredientes en un tazón pequeño.\r\nTuesta los panes para hamburguesa y córtalos por la mitad.\r\nPara armar cada Big Mac, coloca una porción de lechuga en la base del pan, luego una hamburguesa, salsa Big Mac, pepinillos en vinagre, otra hamburguesa, más salsa Big Mac y por último la tapa del pan.\r\nRepite los pasos para hacer las otras hamburguesas.\r\nDecora con rodajas de tomate si lo deseas.\r\nSirve y disfruta de tu Big Mac casera.\r\nEsta versión casera de la icónica Big Mac te permitirá disfrutar de todos esos sabores clásicos y familiares en la comodidad de tu hogar. La clave está en la salsa especial Big Mac que le da ese toque único.', 1, 2, 1, '2023-06-27', 2),
(7, 'Berenjena Asada Con Tahini, Piñones Y Lentejas', 'https://www.themealdb.com/images/media/meals/ysqrus1487425681.jpg', '2 berenjenas grandes\r\nAceite de oliva\r\nRamitas de romero fresco\r\nSal y pimienta al gusto\r\nPara las Lentejas:\r\n\r\n2 cucharadas de aceite de oliva\r\n2 zanahorias, peladas y picadas\r\n2 tallos de apio, picados\r\n1 cebolla, picada\r\n2 dientes de ajo, picados\r\n1 taza de lentejas pardas o verdes, enjuagadas\r\n2 hojas de laurel\r\n4 tazas de caldo de verduras o agua\r\n2 cucharadas de vinagre de vino tinto\r\nSal y pimienta al gusto\r\nPerejil y romero fresco picados\r\nPara Servir:\r\n\r\nSalsa de tahini\r\nPiñones tostados\r\nAceite de oliva extra virgen\r\n', 'Precalienta el horno a 230°C. Corta las berenjenas por la mitad a lo largo y haz cortes en forma de rejilla en la pulpa con un cuchillo afilado. Coloca las mitades en una bandeja para hornear forrada con papel aluminio, con el lado cortado hacia arriba. Rocía con aceite de oliva, sazona con sal y pimienta. Coloca una ramita de romero sobre cada mitad.\r\n\r\nHornea las berenjenas hasta que estén muy tiernas y doradas, de 25 a 35 minutos. Retira y descarta el romero.\r\n\r\nMientras se hornean las berenjenas, prepara las lentejas. Calienta el aceite de oliva en una cacerola a fuego medio. Sofríe las zanahorias, el apio y la cebolla hasta que estén tiernos, unos 4 minutos. Agrega el ajo y cocina 30 segundos más.\r\n\r\nIncorpora las lentejas, las hojas de laurel, el caldo o agua y una pizca de sal. Deja hervir, luego baja a fuego lento, tapa y cocina hasta que las lentejas estén tiernas, unos 30 minutos. Agrega más líquido si es necesario.\r\n\r\nRetira la tapa, agrega el vinagre y reduce hasta obtener una consistencia cremosa pero no aguada. Sazona con sal y pimienta al gusto.\r\n\r\nMezcla la mitad del perejil y romero picados en las lentejas. Reserva caliente.\r\n\r\nTuesta los piñones en una sartén seca hasta que estén dorados y aromáticos, unos 4 minutos. Reserva.\r\n\r\nPara servir, coloca las lentejas en un plato, acomoda las mitades de berenjena encima. Cubre con salsa de tahini y espolvorea con los piñones tostados. Decora con el perejil y romero restantes y un chorrito de aceite de oliva extra virgen.\r\n\r\nEsta receta combina la berenjena asada con una salsa cremosa de tahini, piñones crujientes y lentejas llenas de sabor. Es un plato vegetariano nutritivo y delicioso.', 1, 15, 1, '2023-06-27', 2),
(8, 'Tarta de Manzana con Frangipane', 'https://www.themealdb.com/images/media/meals/wxywrq1468235067.jpg', 'Para la masa:\r\n\r\n1 1/4 tazas de harina para todo uso\r\n1/2 cucharadita de sal\r\n1 cucharada de azúcar\r\n1/2 taza de mantequilla fría, cortada en cubitos\r\n1/4 taza de agua helada\r\nPara el frangipane:\r\n\r\n1/2 taza de mantequilla ablandada\r\n1/2 taza de azúcar\r\n3/4 taza de almendras molidas\r\n1 huevo\r\n1 cucharadita de extracto de almendra\r\n1 cucharada de harina\r\nPara el relleno:\r\n\r\n4 manzanas, peladas, sin corazón y cortadas en gajos\r\n2 cucharadas de azúcar\r\n1 cucharadita de canela en polvo\r\n1 yema de huevo para barnizar', 'Prepara la masa: En un bowl, mezcla la harina, sal y azúcar. Incorpora la mantequilla fría hasta obtener una textura arenosa. Agrega el agua helada y amasa hasta formar una masa suave. Envuélvela en plástico y refrigera por 30 minutos.\r\n\r\nPrecalienta el horno a 375°F (190°C).\r\n\r\nPrepara el frangipane: En un bowl, bate la mantequilla y el azúcar hasta que esté cremoso. Agrega las almendras molidas, el huevo, el extracto de almendra y la harina. Mezcla bien.\r\n\r\nExtiende la masa en un molde para tarta desmontable de 9 pulgadas. Vierte el frangipane y extiéndelo uniformemente.\r\n\r\nEn un bowl, mezcla las manzanas con el azúcar y la canela. Coloca los gajos de manzana sobre el frangipane en forma de espiral, superponiéndolos ligeramente.\r\n\r\nBarniza la superficie con la yema de huevo batida.\r\n\r\nHornea por 40-45 minutos hasta que esté dorada. Deja enfriar antes de desmoldar.\r\n\r\nPuedes servir la tarta tibia o a temperatura ambiente, sola o con una bola de helado de vainilla.\r\n\r\nEsta tarta combina una masa crujiente, un relleno cremoso de frangipane con sabor a almendras y manzanas frescas y aromáticas. Es un postre elegante y delicioso, perfecto para ocasiones especiales o simplemente para disfrutar con un café o té.', 1, 4, 2, '2023-06-27', 2),
(9, 'Carne Wellington', 'https://www.themealdb.com/images/media/meals/vvpprx1487325699.jpg', '1 kg de lomo de res sin hueso\r\nSal y pimienta recién molida\r\n2 cucharadas de aceite de oliva\r\n200 g de mousse de hígado de pollo o paté de hígado\r\n1 paquete de masa de hojaldre\r\n1 huevo batido para barnizar\r\nHarina para trabajar la masa\r\nPara el duxelle (relleno de hongos):\r\n\r\n225 g de champiñones frescos picados\r\n1 chalote picado\r\n2 dientes de ajo picados\r\n2 cucharadas de perejil picado\r\n1 cucharada de aceite de oliva\r\nSal y pimienta', 'Prepara el duxelle: Calienta el aceite en una sartén y sofríe los champiñones, chalote y ajo hasta que estén tiernos y se haya evaporado el líquido. Deja enfriar y mezcla con el perejil. Sazona con sal y pimienta.\r\n\r\nSella el lomo de res: Calienta el aceite en una sartén grande. Sazona generosamente el lomo con sal y pimienta. Dora el lomo por todos lados hasta que esté bien sellado, unos 2-3 minutos por cada lado. Retira y deja enfriar.\r\n\r\nExtiende la masa de hojaldre en una superficie enharinada hasta obtener un rectángulo grande. Coloca el duxelle en el centro y extiende el paté o mousse de hígado encima.\r\n\r\nColoca el lomo sellado sobre el duxelle y el paté. Enrolla cuidadosamente la masa alrededor del lomo, sellando bien las uniones con agua. Coloca la pieza enrollada con la unión hacia abajo en una bandeja para hornear engrasada.\r\n\r\nBarniza la superficie con el huevo batido y haz algunos cortes en la parte superior para permitir que salga el vapor.\r\n\r\nHornea a 200°C por 20 minutos para que se dore la masa. Luego baja el horno a 180°C y hornea por 20-25 minutos más para que el lomo quede jugoso en el centro.\r\n\r\nRetira del horno y deja reposar 10 minutos antes de cortar en rodajas gruesas.\r\n\r\nSirve caliente acompañado de puré de papas, vegetales salteados y salsa que prefieras.\r\n\r\nEl Beef Wellington es un plato sofisticado con un jugoso lomo de res envuelto en una capa de paté, duxelle de hongos y una costra crujiente de hojaldre. Es un verdadero manjar para ocasiones especiales.', 1, 2, 2, '2023-06-27', 2),
(10, 'Pastel de Pescado', 'https://www.themealdb.com/images/media/meals/ysxwuq1487323065.jpg', '500 g de diferentes pescados y mariscos (bacalao, salmón, camarones, vieiras, etc.)\r\n1 litro de leche\r\n1 cebolla picada\r\n2 dientes de ajo picados\r\n50 g de mantequilla\r\n50 g de harina\r\n1 cucharadita de mostaza en polvo\r\nPerejil picado\r\nSal y pimienta al gusto\r\n1 kg de papas para puré\r\n100 g de queso cheddar rallado', 'Pela y corta las papas en trozos. Hiérvelas en agua con sal hasta que estén tiernas. Escúrrelas y haz un puré agregando un poco de leche y mantequilla. Reserva.\r\n\r\nPrecalienta el horno a 200°C.\r\n\r\nEn una cacerola, calienta la leche con la cebolla y el ajo. Retira del fuego antes de que hierva.\r\n\r\nEn otra cacerola, derrite la mantequilla a fuego medio-bajo. Agrega la harina y cocina por 2 minutos revolviendo constantemente para hacer una rue o roux.\r\n\r\nIncorpora poco a poco la leche caliente a la rue, revolviendo continuamente hasta obtener una salsa espesa y cremosa. Sazona con mostaza, sal, pimienta y perejil.\r\n\r\nCorta el pescado y los mariscos en trozos y agrégalos a la salsa. Mezcla suavemente.\r\n\r\nVierte la mezcla de pescado en un refractario para horno. Cubre con una capa uniforme de puré de papas.\r\n\r\nEspolvorea el queso rallado por encima.\r\n\r\nHornea por 20-25 minutos hasta que esté burbujeante y el queso se haya gratinado.\r\n\r\nRetira del horno y deja reposar 5 minutos antes de servir.\r\n\r\nEste Fish Pie es un plato reconfortante con una deliciosa mezcla de pescados y mariscos en una salsa cremosa, cubierto con un toque crujiente de puré de papas y queso gratinado. Es perfecto para servir en una cena familiar o reunión.', 1, 11, 2, '2023-06-27', 2),
(11, 'Sopa Cremosa de Tomate', 'https://www.themealdb.com/images/media/meals/stpuws1511191310.jpg', '2 cucharadas de aceite de oliva\r\n1 cebolla grande, picada\r\n2 dientes de ajo, picados\r\n2 latas (800 g) de tomates triturados\r\n1 taza de caldo de pollo o vegetal\r\n1 cucharadita de azúcar\r\n1/2 cucharadita de albahaca seca\r\n1/4 cucharadita de tomillo seco\r\nSal y pimienta al gusto\r\n1/2 taza de crema espesa o crema para batir\r\nPerejil fresco picado para decorar', 'Calienta el aceite de oliva en una olla a fuego medio. Agrega la cebolla y el ajo y sofríe hasta que estén fragantes, aproximadamente 2-3 minutos.\r\n\r\nVierte los tomates triturados, el caldo, el azúcar, la albahaca, el tomillo, sal y pimienta. Revuelve bien.\r\n\r\nDeja que la sopa hierva y luego reduce el fuego a bajo. Tapa y cocina a fuego lento durante 15 minutos.\r\n\r\nRetira la olla del fuego y con una batidora de inmersión, licúa la sopa hasta obtener una consistencia cremosa y suave. También puedes usar una licuadora convencional, trabajando en lotes si es necesario.\r\n\r\nDevuelve la sopa licuada a la olla y calienta a fuego medio-bajo. Agrega la crema espesa o crema para batir y revuelve bien. Calienta sin hervir.\r\n\r\nPrueba y ajusta la sazón con más sal y pimienta si es necesario.\r\n\r\nSirve la sopa caliente en tazones individuales y decora con un poco de perejil fresco picado.\r\n\r\nEsta Creamy Tomato Soup es increíblemente rica y reconfortante. La crema le da una textura aterciopelada y los tomates aportan un sabor vibrante. Es perfecta para disfrutar con un toque de pan crujiente o crutones en los días fríos. ¡Una sopa clásica que nunca falla!', 1, 13, 2, '2023-06-27', 2),
(12, 'Pastel de Carne de Pavo', 'https://www.themealdb.com/images/media/meals/ypuxtw1511297463.jpg', '1 libra (450g) de carne de pavo molida\r\n1 huevo\r\n1/2 taza de pan rallado\r\n1/4 taza de leche\r\n1 cebolla pequeña, finamente picada\r\n2 dientes de ajo, picados\r\n1 cucharadita de sal\r\n1/2 cucharadita de pimienta negra\r\n1 cucharadita de tomillo seco\r\n1 cucharadita de salvia seca\r\n2 cucharadas de perejil fresco picado\r\n1/4 taza de salsa de tomate\r\n2 cucharadas de mostaza de Dijon\r\nPara el glaseado:\r\n\r\n1/4 taza de salsa de tomate\r\n2 cucharadas de miel\r\n1 cucharada de mostaza en polvo', 'Precalienta el horno a 350°F (175°C).\r\nEn un bol grande, mezcla la carne de pavo molida, el huevo, el pan rallado, la leche, la cebolla, el ajo, la sal, la pimienta, el tomillo, la salvia, el perejil, la salsa de tomate y la mostaza de Dijon hasta combinar bien.\r\nTransfiere la mezcla a un molde para pan engrasado y alísala con una cuchara para darle forma.\r\nEn un bol pequeño, mezcla los ingredientes para el glaseado: salsa de tomate, miel y mostaza en polvo.\r\nBarniza la parte superior del pastel de carne con la mezcla de glaseado.\r\nHornea durante 55-60 minutos, o hasta que la temperatura interna alcance 165°F (74°C).\r\nRetira del horno y deja reposar durante 5 minutos antes de desmoldar y cortar en rebanadas.\r\nSirve caliente, acompañado de puré de papas, vegetales salteados o tu guarnición favorita.\r\nEste Turkey Meatloaf es una opción más saludable que el tradicional pastel de carne de res. La carne de pavo, junto con las especias y hierbas, le dan un sabor increíble. El glaseado dulce y mostaza le aporta un toque especial. ¡Una comida reconfortante y deliciosa!', 1, 8, 2, '2023-06-27', 2),
(13, 'Cazuela Vegetariana', 'https://www.themealdb.com/images/media/meals/vptwyt1511450962.jpg', '2 calabacines medianos, cortados en rodajas\r\n1 berenjena grande, cortada en cubos\r\n1 pimiento rojo, cortado en tiras\r\n1 cebolla grande, cortada en rodajas\r\n4 dientes de ajo, picados\r\n1 lata (400 g) de tomates triturados\r\n1 taza de caldo vegetal\r\n1 cucharadita de tomillo seco\r\n1/2 cucharadita de romero seco\r\nSal y pimienta al gusto\r\n1 taza de queso rallado (opcionalmente, puedes usar queso vegano)\r\n1/2 taza de pan rallado\r\n2 cucharadas de aceite de oliva', 'Precalienta el horno a 375°F (190°C).\r\nEn una sartén grande, calienta el aceite de oliva a fuego medio-alto. Agrega la cebolla y el ajo y sofríe por 2-3 minutos hasta que estén fragantes.\r\nIncorpora los calabacines, la berenjena y el pimiento rojo. Cocina por unos 5 minutos, revolviendo ocasionalmente.\r\nAgrega los tomates triturados, el caldo vegetal, el tomillo, el romero, la sal y la pimienta. Revuelve bien.\r\nTransfiere la mezcla de verduras a un refractario para horno.\r\nCubre la parte superior con el queso rallado y el pan rallado.\r\nHornea durante 25-30 minutos, o hasta que las verduras estén tiernas y la parte superior esté dorada y crujiente.\r\nRetira del horno y deja reposar durante 5 minutos antes de servir.\r\nEsta cazuela vegetariana es una comida reconfortante y llena de sabor. Las verduras se cocinan en una salsa de tomate aromática y se cubren con una capa crujiente de queso y pan rallado. Es un plato principal nutritivo y satisfactorio, perfecto para disfrutar en familia o con amigos. Puedes acompañarlo con una ensalada fresca o pan de ajo para una cena completa.', 1, 15, 2, '2023-06-27', 2),
(14, 'Pastel de Fresa y Ruibarbo', 'https://www.themealdb.com/images/media/meals/178z5o1585514569.jpg', 'Para la masa:\r\n\r\n2 1/2 tazas de harina para todo uso\r\n1 cucharadita de sal\r\n1 taza de mantequilla fría, cortada en cubitos\r\n1/4 taza de agua helada\r\nPara el relleno:\r\n\r\n3 tazas de ruibarbo fresco, cortado en trozos de 1 pulgada\r\n3 tazas de fresas frescas, cortadas por la mitad\r\n1 taza de azúcar\r\n1/4 taza de harina para todo uso\r\n1 cucharadita de extracto de vainilla\r\n1 pizca de sal\r\n2 cucharadas de mantequilla fría, cortada en cubitos pequeños', 'Prepara la masa: En un bowl, mezcla la harina y la sal. Incorpora la mantequilla fría con un tenedor o un cortador de masa hasta obtener una textura arenosa. Agrega el agua helada y amasa rápidamente hasta formar una masa suave. Divide en dos, forma dos discos, envuelve en plástico y refrigera por al menos 30 minutos.\r\n\r\nPrecalienta el horno a 400°F (200°C).\r\n\r\nPrepara el relleno: En un bowl grande, mezcla el ruibarbo, las fresas, el azúcar, la harina, la vainilla y la sal. Vierte la mezcla en un refractario para horno de 9 pulgadas.\r\n\r\nSaca la masa del refrigerador y sobre una superficie ligeramente enharinada, extiende un disco para cubrir el fondo y los lados del refractario. Vierte el relleno encima.\r\n\r\nExtiende el otro disco de masa para hacer la tapa del pastel. Sella los bordes y haz algunos cortes en la parte superior para permitir que salga el vapor.\r\n\r\nColoca los cubitos de mantequilla sobre la tapa del pastel.\r\n\r\nHornea durante 20 minutos a 400°F. Luego, baja la temperatura a 350°F (175°C) y hornea por 30-40 minutos más, hasta que la masa esté dorada y el relleno esté burbujeante.\r\n\r\nRetira del horno y deja enfriar sobre una rejilla antes de servir.\r\n\r\nEste Strawberry Rhubarb Pie es un postre clásico de primavera/verano, con una deliciosa combinación de fresas dulces y ruibarbo agridulce envueltos en una masa crujiente. Puedes servirlo tibio o frío, solo o con una bola de helado de vainilla. ¡Una verdadera delicia!', 1, 4, 2, '2023-06-27', 2),
(16, 'Pastel de Carne Canadiense - Tourtiere', 'https://www.themealdb.com/images/media/meals/ytpstt1511814614.jpg', '1 libra de carne de cerdo molida\r\n1 libra de carne de res molida\r\n1 cebolla grande, finamente picada\r\n2 dientes de ajo, picados\r\n1 cucharadita de tomillo seco\r\n1/2 cucharadita de romero seco\r\n1/4 cucharadita de nuez moscada rallada\r\n1/4 cucharadita de clavos de olor molidos\r\nSal y pimienta negra recién molida al gusto\r\n1 taza de caldo de carne o agua\r\n1 huevo batido para barnizar', 'Prepara la masa: En un bowl, mezcla la harina y la sal. Incorpora la manteca fría con un tenedor o cortador de masa hasta obtener una textura arenosa. Agrega el agua helada poco a poco y amasa rápidamente hasta formar una masa suave. Divide en dos, forma dos discos, envuelve en plástico y refrigera por al menos 30 minutos.\r\n\r\nPrepara el relleno: En una sartén grande a fuego medio-alto, cocina la carne de cerdo y de res molida junto con la cebolla y el ajo hasta que esté bien cocida y la cebolla esté tierna, aproximadamente 10 minutos. Escurre el exceso de grasa.\r\n\r\nAgrega el tomillo, romero, nuez moscada, clavos de olor, sal y pimienta. Revuelve bien. Incorpora el caldo o agua y cocina a fuego lento por 10 minutos más hasta que se haya reducido ligeramente. Deja enfriar.\r\n\r\nPrecalienta el horno a 400°F (200°C).\r\n\r\nSobre una superficie ligeramente enharinada, extiende un disco de masa para cubrir el fondo y los lados de un refractario para horno de 9 pulgadas. Vierte el relleno de carne encima.\r\n\r\nExtiende el otro disco de masa para hacer la tapa del pastel. Sella los bordes y haz algunos cortes en la parte superior para permitir que salga el vapor. Barniza la superficie con el huevo batido.\r\n\r\nHornea durante 15 minutos a 400°F. Luego, baja la temperatura a 350°F (175°C) y hornea por 30 minutos más hasta que la masa esté dorada.\r\n\r\nRetira del horno y deja enfriar ligeramente antes de servir.\r\n\r\nLa Tourtière es un clásico pastel de carne picante y especiado originario de Quebec, Canadá. Con su relleno sustancioso de carne y especias, envuelto en una masa crujiente, es perfecto para servir en ocasiones festivas o simplemente para disfrutar en una cena familiar. ¡Una verdadera delicia de la cocina canadiense!', 1, 10, 3, '2023-06-27', 2),
(17, 'Carne Ahumada de Montreal', 'https://www.themealdb.com/images/media/meals/uttupv1511815050.jpg', '5 libras de falda de res deshuesada\r\nAdobo:\r\n1/4 taza de sal de curado (sal rosada)\r\n2 cucharadas de azúcar moreno\r\n2 cucharaditas de pimienta negra molida\r\n1 cucharadita de mostaza en polvo\r\n1 cucharadita de comino molido\r\n1/2 cucharadita de clavo de olor molido\r\n1/4 cucharadita de nuez moscada rallada', 'En un bol pequeño, mezcla todos los ingredientes del adobo hasta combinarlos bien.\r\n\r\nFrota la mezcla de adobo sobre toda la superficie de la falda de res, cubriendo bien todos los lados.\r\n\r\nColoca la carne adobada en una bolsa de plástico o envuélvela en papel film y refrigera durante 5-7 días, dándole la vuelta ocasionalmente para que se marine de manera uniforme.\r\n\r\nPrecalienta el ahumador o la parrilla a 225°F (107°C). Si usas parrilla, prepara para cocción indirecta.\r\n\r\nRetira la carne del refrigerador y sácala de la bolsa o envoltura. Colócala en el ahumador o en la parrilla preparada para cocción indirecta.\r\n\r\nAhúma la carne durante aproximadamente 6-8 horas, o hasta que alcance una temperatura interna de 165°F (74°C), rociando con caldo de carne o agua cada hora para mantenerla húmeda.\r\n\r\nUna vez que la carne esté completamente ahumada y cocida, retírala del ahumador o parrilla y envuélvela bien en papel aluminio. Deja reposar durante 30 minutos antes de cortar.\r\n\r\nCorta la carne ahumada en rebanadas gruesas y sirve caliente en sándwiches de pan de centeno o pan de semillas, con mostaza, pepinillos y cebolla morada.\r\n\r\nEl Montreal Smoked Meat es un clásico de la cocina judía de Montreal, con una carne de res ahumada lentamente y adobada con una mezcla especial de especias. Es increíblemente tierna, jugosa y con un sabor ahumado intenso. Perfecto para sándwiches o para disfrutar sola con algunos acompañamientos.', 1, 2, 3, '2023-06-27', 2),
(19, 'Timbits - Donas Agujereadas', 'https://www.themealdb.com/images/media/meals/txsupu1511815755.jpg', '1 taza de leche tibia\r\n1 cucharadita de levadura seca activa\r\n1/4 taza de azúcar\r\n1 huevo\r\n1/4 taza de mantequilla derretida\r\n1 cucharadita de sal\r\n4 tazas de harina para todo uso\r\nAceite vegetal para freír\r\nAzúcar glass o canela en polvo para rebozar', 'En un bol mediano, mezcla la leche tibia con la levadura y el azúcar. Deja reposar durante 5 minutos hasta que se ponga espumosa.\r\n\r\nAgrega el huevo y la mantequilla derretida y mezcla bien.\r\n\r\nEn otro bol, mezcla la harina y la sal. Haz un hueco en el centro y vierte la mezcla de leche. Revuelve con un batidor de mano hasta formar una masa suave y ligeramente pegajosa.\r\n\r\nTransfiere la masa a una superficie ligeramente enharinada y amasa durante 5 minutos hasta que quede suave y elástica.\r\n\r\nColoca la masa en un bol engrasado, cúbrela con un paño y deja leudar durante 1 hora o hasta que duplique su tamaño.\r\n\r\nSobre una superficie enharinada, extiende la masa con un rodillo hasta obtener un grosor de 1/2 pulgada.\r\n\r\nCon un cortador redondo pequeño (de 1 a 1 1/2 pulgadas de diámetro), corta porciones de masa.\r\n\r\nCalienta el aceite vegetal a 350°F (175°C) en una sartén o freidora profunda.\r\n\r\nFríe los timbits por lotes durante 1-2 minutos por cada lado hasta que estén dorados.\r\n\r\nRetira con una espumadera y coloca sobre una rejilla con papel absorbente.\r\n\r\nMientras están calientes, reboza los timbits en azúcar glass o canela en polvo.\r\n\r\nSirve los timbits calientes y esponjosos. Puedes rellenarlos con jalea, crema pastelera o glaseados si lo deseas.\r\n\r\nEstos adorables timbits o donas agujereadas son una delicia canadiense muy popular. Ligeramente dulces, esponjosos y cubiertos de azúcar o canela, son perfectos para disfrutar en el desayuno o como un delicioso aperitivo. ¡Una verdadera tentación irresistible!', 1, 4, 3, '2023-06-27', 2),
(20, 'Pastel de Carne y Puré de Papa Canadiense', 'https://www.themealdb.com/images/media/meals/yyrrxr1511816289.jpg', '1 libra de carne molida de res\r\n1 cebolla grande, picada\r\n2 dientes de ajo, picados\r\n1 cucharadita de tomillo seco\r\nSal y pimienta al gusto\r\n2 latas (14 oz cada una) de maíz dulce, escurrido\r\n2 zanahorias grandes, peladas y cortadas en rodajas\r\n4 papas grandes, peladas y cortadas en cuartos\r\n1/2 taza de leche\r\n4 cucharadas de mantequilla\r\nQueso cheddar rallado (opcional)', 'Precalienta el horno a 350°F (175°C).\r\nEn una sartén grande a fuego medio-alto, cocina la carne molida con la cebolla, el ajo, el tomillo, la sal y la pimienta hasta que la carne esté bien cocida y la cebolla esté tierna, aproximadamente 8-10 minutos.\r\nAgrega el maíz escurrido y revuelve para combinarlo. Retira del fuego y reserva.\r\nEn una cacerola, cubre las zanahorias y las papas con agua fría y cocina hasta que estén tiernas, aproximadamente 15 minutos. Escurre y reserva.\r\nHaz un puré con las papas cocidas, agregando la leche y la mantequilla. Sazona con sal y pimienta al gusto.\r\nEn un refractario para horno de 8x8 pulgadas, coloca primero la mezcla de carne como base. Luego, cubre con una capa de zanahorias cocidas.\r\nFinalmente, extiende una capa uniforme de puré de papas sobre las zanahorias.\r\nSi lo deseas, espolvorea queso cheddar rallado sobre el puré de papas.\r\nHornea durante 30 minutos o hasta que esté bien caliente y el queso se haya derretido.\r\nRetira del horno y deja reposar 5 minutos antes de servir.\r\nEl Pâté Chinois es un plato reconfortante de la cocina canadiense, con capas de carne molida, verduras y un cremoso puré de papas. Es una comida completa y sustanciosa, perfecta para las noches frías. Se puede disfrutar tal cual o acompañado de una ensalada fresca.', 1, 2, 3, '2023-06-27', 2),
(21, 'Pastel de Azúcar', 'https://www.themealdb.com/images/media/meals/yrstur1511816601.jpg', 'Para la masa:\r\n\r\n1 1/4 tazas de harina para todo uso\r\n1/2 cucharadita de sal\r\n1/3 taza de manteca vegetal fría, cortada en cubitos\r\n3-5 cucharadas de agua helada\r\nPara el relleno:\r\n\r\n1 taza de azúcar moreno\r\n1/4 taza de harina para todo uso\r\n1/4 cucharadita de sal\r\n1 taza de crema espesa o crema para batir\r\n1/4 taza de mantequilla derretida\r\n1 cucharadita de extracto de vainilla\r\n1 cucharadita de ralladura de limón (opcional)', 'Prepara la masa: En un bol, mezcla la harina y la sal. Incorpora la manteca fría con un tenedor o cortador de masa hasta obtener una textura arenosa. Agrega el agua helada poco a poco y amasa rápidamente hasta formar una masa suave. Envuélvela en plástico y refrigera por al menos 30 minutos.\r\n\r\nPrecalienta el horno a 400°F (200°C).\r\n\r\nPrepara el relleno: En un bol, mezcla el azúcar moreno, la harina y la sal. Agrega la crema, la mantequilla derretida, la vainilla y la ralladura de limón (si usas). Revuelve bien hasta obtener una mezcla homogénea.\r\n\r\nSobre una superficie ligeramente enharinada, extiende la masa y fórrala en un molde para pay de 9 pulgadas. Vierte el relleno de azúcar en la masa cruda.\r\n\r\nHornea durante 25 minutos a 400°F. Luego, baja la temperatura a 350°F (175°C) y hornea por 20-25 minutos más hasta que el relleno esté firme y la superficie esté ligeramente cuarteada.\r\n\r\nRetira del horno y deja enfriar completamente sobre una rejilla antes de cortar y servir.\r\n\r\nEste Sugar Pie es un postre muy popular en las provincias de Quebec y Ontario en Canadá. Con su relleno cremoso y dulce de azúcar moreno, es una delicia irresistible. Puedes servirlo solo o acompañado de crema batida o helado de vainilla. ¡Una verdadera tentación azucarada!', 1, 4, 3, '2023-06-27', 2),
(22, 'Papas para Desayuno', 'https://pachycastillopou.com/wp-content/uploads/2022/11/modificada-1-2048x1365.jpg', '1 libra (450g) de papas, peladas y cortadas en cubos de 1/2 pulgada\r\n2 cucharadas de aceite vegetal o mantequilla\r\n1 cebolla pequeña, picada finamente\r\n1 pimiento rojo, sin semillas y cortado en cubos\r\n2 dientes de ajo, picados\r\n1 cucharadita de paprika ahumada\r\n1 cucharadita de tomillo seco\r\nSal y pimienta al gusto\r\n2 cucharadas de perejil fresco picado\r\nCebollino picado para decorar (opcional)', 'Pon las papas cortadas en cubos en una cacerola y cúbrelas con agua fría. Hierve las papas durante 5 minutos para ablandarlas ligeramente. Escurre y reserva.\r\n\r\nCalienta el aceite o la mantequilla en una sartén grande a fuego medio-alto.\r\n\r\nAgrega la cebolla y el pimiento rojo y sofríe durante 2-3 minutos hasta que la cebolla esté translúcida.\r\n\r\nIncorpora el ajo y cocina por 1 minuto más, revolviendo constantemente.\r\n\r\nAgrega las papas previamente hervidas, la paprika ahumada, el tomillo, sal y pimienta. Mezcla bien.\r\n\r\nCocina las papas durante 10-12 minutos más, revolviendo ocasionalmente, hasta que estén doradas y crujientes por fuera pero tiernas por dentro.\r\n\r\nRetira del fuego y mezcla con el perejil fresco picado.\r\n\r\nAjusta la sazón con más sal y pimienta si es necesario.\r\n\r\nDecora con cebollino picado si lo deseas.\r\n\r\nSirve las papas calientes como acompañamiento de tus platos favoritos de desayuno como huevos, tocino, salchichas, etc.\r\n\r\nEstas Breakfast Potatoes son un clásico lado para el desayuno. Las papas crujientes por fuera y suaves por dentro, con los sabores ahumados de la paprika y el toque fresco del perejil, son una delicia. Puedes personalizar los ingredientes según tus gustos, agregando cebolla verde, pimientos, carne, etc. ¡Un acompañamiento perfecto y sabroso!', 1, 1, 3, '2023-06-27', 2),
(23, 'Fideuá de Marisco', 'https://www.themealdb.com/images/media/meals/wqqvyq1511179730.jpg', '1 libra (450g) de fideos finos tipo fideuà o vermicelli\r\n1/4 taza de aceite de oliva\r\n1 cebolla grande, picada\r\n4 dientes de ajo, picados\r\n1 pimiento rojo, sin semillas y cortado en tiras\r\n1 cucharadita de pimentón dulce\r\n1 cucharadita de azafrán\r\n1 lata (14 oz) de tomates triturados\r\n4 tazas de caldo de pescado o marisco caliente\r\n1 libra (450g) de mariscos mixtos (camarones, vieiras, almejas, etc.)\r\nSal y pimienta al gusto\r\nPerejil fresco picado para decorar', 'Calienta el aceite de oliva en una paellera o sartén grande y profunda a fuego medio-alto.\r\n\r\nAgrega los fideos y revuelve constantemente hasta que estén tostados y dorados, aproximadamente 2-3 minutos.\r\n\r\nIncorpora la cebolla, el ajo y el pimiento rojo. Cocina durante 2-3 minutos más hasta que la cebolla esté translúcida.\r\n\r\nAgrega el pimentón dulce y el azafrán y revuelve bien para combinar los sabores.\r\n\r\nVierte los tomates triturados y el caldo de pescado o marisco caliente. Sazona con sal y pimienta al gusto.\r\n\r\nDeja que hierva y luego reduce el fuego a bajo. Cocina durante 10-12 minutos, revolviendo ocasionalmente, hasta que los fideos estén al dente.\r\n\r\nAgrega los mariscos mixtos y cocina durante 5 minutos más, o hasta que los mariscos estén cocidos y los fideos hayan absorbido la mayor parte del líquido.\r\n\r\nRetira del fuego y deja reposar durante 5 minutos antes de servir.\r\n\r\nDecora con perejil fresco picado.\r\n\r\nSirve la fideuà caliente y disfruta de este plato típico de la cocina valenciana, similar a la paella pero con fideos en lugar de arroz.\r\n\r\nLa fideuà es un plato sustancioso y lleno de sabor, con los mariscos jugosos y los fideos impregnados del delicioso caldo. Es una excelente opción para disfrutar de los frutos del mar en un plato reconfortante.', 1, 11, 4, '2023-06-27', 2),
(24, 'Tortilla Española', 'https://www.themealdb.com/images/media/meals/quuxsx1511476154.jpg', '6 huevos grandes\r\n1 libra (450g) de papas, peladas y cortadas en rodajas finas\r\n1 cebolla grande, cortada en rodajas finas\r\nSal al gusto\r\n1/4 taza de aceite de oliva', 'Calienta el aceite de oliva en una sartén pequeña y antiadherente a fuego medio-bajo.\r\n\r\nAgrega las rodajas de papa y cebolla a la sartén y cocina lentamente durante 15-20 minutos, revolviendo ocasionalmente, hasta que las papas estén tiernas pero no se deshagan. Escurre el exceso de aceite y reserva.\r\n\r\nMientras tanto, rompe los huevos en un tazón grande y bate ligeramente con un tenedor. Sazona con sal al gusto.\r\n\r\nAgrega las papas y cebollas cocidas a los huevos batidos y mezcla suavemente con un tenedor para combinar.\r\n\r\nLimpia la sartén y calienta un chorrito de aceite de oliva a fuego medio-bajo.\r\n\r\nVierte la mezcla de huevo y papas en la sartén y extiende uniformemente con un tenedor. Cocina sin mover durante 2-3 minutos.\r\n\r\nCuando la tortilla esté cuajada por abajo, coloca un plato llano sobre la sartén y dale la vuelta para que la tortilla caiga sobre el plato.\r\n\r\nDesliza la tortilla nuevamente a la sartén con el lado crudo hacia abajo. Cocina durante otros 2-3 minutos más.\r\n\r\nRepite el proceso de dar la vuelta a la tortilla hasta que esté bien cuajada y ligeramente dorada por ambos lados.\r\n\r\nRetira del fuego y deja reposar 5 minutos antes de cortar y servir.\r\n\r\nLa tortilla española es un plato sencillo pero delicioso de la cocina española, perfecto para desayunos, almuerzos o cenas ligeras. Puedes disfrutarla caliente, a temperatura ambiente o incluso fría. Se puede acompañar con pan, ensalada o cualquier guarnición que prefieras.', 1, 15, 4, '2023-06-27', 2),
(25, 'Paella de Hinojo y Berenjena Asados', 'https://www.themealdb.com/images/media/meals/1520081754.jpg', '1 hinojo grande, cortado en cuartos\r\n1 berenjena grande, cortada en cubos\r\n2 cucharadas de aceite de oliva\r\nSal y pimienta al gusto\r\n1 taza de arroz bomba o arroz para paella\r\n4 tazas de caldo de verduras caliente\r\n1/2 cucharadita de azafrán molido\r\n1 pimiento rojo, cortado en tiras\r\n1 taza de arvejas frescas o descongeladas\r\n1/4 taza de aceitunas negras sin hueso\r\n2 cucharadas de perejil fresco picado\r\n1 limón, cortado en cuartos para servir', 'Precalienta el horno a 400°F (200°C).\r\nColoca el hinojo y la berenjena en una bandeja para hornear. Rocía con aceite de oliva, sal y pimienta. Hornea durante 20-25 minutos hasta que estén tiernos y ligeramente dorados.\r\nMientras tanto, calienta el caldo de verduras en una cacerola.\r\nEn una paellera o sartén grande y profunda, calienta el aceite de oliva restante a fuego medio-alto. Agrega el arroz y revuelve constantemente durante 2-3 minutos hasta que esté tostado y brillante.\r\nAgrega el azafrán y revuelve para combinar.\r\nVierte el caldo de verduras caliente sobre el arroz y lleva a ebullición. Reduce el fuego a bajo, cubre y cocina durante 15 minutos.\r\nRetira la tapa y agrega el hinojo y la berenjena asados, el pimiento rojo, las arvejas y las aceitunas negras. Revuelve suavemente.\r\nCocina destapado durante 5-10 minutos más, revolviendo ocasionalmente, hasta que el arroz esté tierno pero firme y haya absorbido la mayor parte del líquido.\r\nRetira del fuego, cubre con una toalla de cocina limpia y deja reposar durante 5 minutos.\r\nEspolvorea con perejil fresco picado y sirve con cuartos de limón para exprimir sobre la paella.\r\nEsta paella vegetariana es una deliciosa combinación de sabores y texturas. El hinojo y la berenjena asados aportan un toque dulce y ahumado, mientras que las arvejas, aceitunas y pimiento rojo brindan frescura. El arroz absorbe todos los jugos y sabores creando un plato sustancioso y lleno de matices. ¡Una opción saludable y llena de sabor!', 1, 14, 4, '2023-06-27', 2),
(26, 'Cazuela de Enchiladas de Pollo', 'https://www.themealdb.com/images/media/meals/qtuwxu1468233098.jpg', '2 tazas de pollo desmenuzado, cocido\r\n1 lata (10 oz) de salsa enchilada\r\n1 lata (10 oz) de salsa de tomate\r\n1 taza de crema agria\r\n1 taza de queso cheddar rallado\r\n1/2 taza de cebolla picada\r\n1 lata (4 oz) de chiles verdes en tiras\r\n1 cucharadita de comino molido\r\n1/2 cucharadita de ajo en polvo\r\nSal y pimienta al gusto\r\n8-10 tortillas de maíz (6 pulgadas)\r\nQueso cheddar rallado adicional para cubrir', 'Precalienta el horno a 350°F (175°C).\r\nEn un tazón grande, mezcla el pollo desmenuzado, la salsa enchilada, la salsa de tomate, la crema agria, 1 taza de queso cheddar, la cebolla picada, los chiles verdes, el comino, el ajo en polvo, sal y pimienta. Revuelve bien.\r\nEngrasa un refractario para horno de 9x13 pulgadas.\r\nColoca una tortilla de maíz en el fondo del refractario. Extiende una capa generosa de la mezcla de pollo sobre la tortilla.\r\nRepite las capas de tortilla y mezcla de pollo hasta terminar con todos los ingredientes, terminando con una capa de mezcla de pollo.\r\nCubre la parte superior con queso cheddar rallado adicional.\r\nHornea durante 30-35 minutos hasta que esté burbujeante y el queso se haya derretido y dorado.\r\nRetira del horno y deja reposar durante 5 minutos antes de servir.\r\nSirve caliente, acompañado de lechuga picada, crema agria, aguacate y cualquier otro acompañamiento que desees.\r\nEsta cazuela de enchiladas de pollo es una comida reconfortante y llena de sabor. Las tortillas de maíz se alternan con una mezcla cremosa y especiada de pollo, queso y salsa enchilada. Es un plato perfecto para reuniones familiares o para disfrutar durante toda la semana, ya que las porciones se mantienen bien en el refrigerador. ¡Una auténtica delicia mexicana!', 1, 3, 5, '2023-06-27', 2),
(27, 'Tacos de Pescado con Especias Cajun', 'https://www.themealdb.com/images/media/meals/uvuyxu1503067369.jpg', '1 libra de filete de pescado blanco (como mero, bacalao o lenguado)\r\n2 cucharadas de aceite vegetal\r\n2 cucharaditas de mezcla de especias cajun\r\n1 cucharadita de ajo en polvo\r\nSal y pimienta al gusto\r\n8-10 tortillas de maíz o de harina (6 pulgadas)\r\nLechuga rallada\r\nTomate en cubitos\r\nCebolla morada en aros finos\r\nCrema agria o salsa ranch\r\nLimones cortados en cuartos\r\nPara la Salsa de Mango:\r\n\r\n1 mango maduro, pelado y picado\r\n1/4 taza de cebolla morada, finamente picada\r\n2 cucharadas de cilantro fresco picado\r\n1 jalapeño sin semillas, picado finamente\r\nJugo de 1 limón\r\nSal al gusto', 'Corta el pescado en trozos de aproximadamente 1 pulgada de grosor.\r\nEn un tazón, mezcla las especias cajun, el ajo en polvo, sal y pimienta. Frota esta mezcla sobre los trozos de pescado hasta cubrirlos por completo.\r\nCalienta el aceite en una sartén grande a fuego medio-alto. Agrega los trozos de pescado y cocina de 3 a 4 minutos por cada lado, hasta que estén dorados y cocidos.\r\nMientras tanto, prepara la salsa de mango mezclando todos los ingredientes en un tazón. Ajusta la sazón con sal al gusto.\r\nCalienta las tortillas según las instrucciones del paquete.\r\nPara armar los tacos, coloca un trozo de pescado en cada tortilla y cubre con lechuga, tomate, cebolla morada, crema agria o salsa ranch y un generoso chorrito de salsa de mango.\r\nSirve con cuartos de limón para exprimir sobre los tacos.\r\nEstos tacos de pescado con especias cajun son una explosión de sabores. El pescado crujiente y especiado se combina perfectamente con la fresca salsa de mango, las verduras crujientes y la cremosa salsa ranch o crema agria. Son una opción ligera y deliciosa para disfrutar en cualquier ocasión. ¡Una verdadera fiesta de sabores!', 1, 11, 5, '2023-06-27', 2),
(28, 'Estofado Chili  y Carne ', 'https://www.themealdb.com/images/media/meals/uuqvwu1504629254.jpg', '2 libras de carne de res para estofar (falda, espaldilla o garita), cortada en cubos de 1 pulgada\r\n2 cucharadas de aceite vegetal\r\n1 cebolla grande, picada\r\n4 dientes de ajo, picados\r\n2 cucharadas de comino molido\r\n2 cucharaditas de pimentón ahumado\r\n1 cucharadita de chile en polvo\r\n1 cucharadita de orégano seco\r\n1/2 cucharadita de pimienta cayena (o al gusto)\r\n1 lata (14 oz) de tomates triturados\r\n1 taza de caldo de carne o cerveza oscura\r\n2 latas (15 oz cada una) de frijoles rojos o negros, escurridos y enjuagados\r\nSal y pimienta al gusto\r\nIngredientes opcionales: pimientos, maíz, cilantro fresco picado', 'Calienta el aceite en una olla de cocción a fuego medio-alto. Agrega la carne de res en una sola capa y dórala por todos lados hasta que esté bien sellada, aproximadamente 2-3 minutos por cada lado. Retira la carne de la olla y reserva.\r\n\r\nEn la misma olla, agrega la cebolla y el ajo. Cocina durante 2-3 minutos hasta que estén fragantes.\r\n\r\nIncorpora el comino, el pimentón ahumado, el chile en polvo, el orégano y la pimienta cayena. Revuelve y cocina durante 1 minuto más.\r\n\r\nAgrega los tomates triturados y el caldo de carne o cerveza. Raspa los fondos de la olla para disolver los restos de cocción.\r\n\r\nDevuelve la carne de res a la olla junto con los frijoles. Sazona con sal y pimienta al gusto.\r\n\r\nTapa la olla y cocina a fuego lento durante 2-3 horas, o hasta que la carne esté muy tierna, revolviendo ocasionalmente.\r\n\r\nSi lo deseas, puedes agregar pimientos, maíz o cilantro fresco picado durante los últimos 30 minutos de cocción.\r\n\r\nAjusta la sazón con más sal y pimienta si es necesario.\r\n\r\nSirve el chili de res estofada caliente, acompañado de tortillas, cebolla picada, queso rallado, crema agria o cualquier otro acompañamiento que prefieras.\r\n\r\nEste chili de res estofada es una comida reconfortante y llena de sabor. La carne se vuelve increíblemente tierna después de cocinarse lentamente con una mezcla de especias ahumadas y picantes. Los frijoles y los tomates aportan textura y sustancia. ¡Una receta clásica y deliciosa!', 1, 2, 5, '2023-06-27', 2);
INSERT INTO `receta` (`id_receta`, `nombre`, `url_imagen`, `ingrediente`, `preparacion`, `estado`, `id_cat`, `id_pais`, `fecha_creacion`, `id_usr`) VALUES
(29, 'Tacos de Pollo al Horno en Olla de Cocción Lenta', 'https://www.themealdb.com/images/media/meals/ypxvwv1505333929.jpg', '1 libra de pechuga de pollo deshuesada y sin piel\r\n1 lata (10 oz) de salsa de tomate\r\n1 paquete de mezcla de especias para tacos\r\n1 taza de agua\r\n12 tortillas de maíz o de harina (6 pulgadas)\r\n2 tazas de queso cheddar rallado\r\nLechuga picada\r\nTomate picado\r\nCebolla picada\r\nCrema agria o salsa para servir', 'Coloca las pechugas de pollo en el fondo de una olla de cocción lenta.\r\nEn un tazón, mezcla la salsa de tomate, la mezcla de especias para tacos y el agua. Vierte esta mezcla sobre el pollo.\r\nTapa la olla y cocina a fuego alto durante 3-4 horas o a fuego bajo durante 6-8 horas, hasta que el pollo esté completamente cocido y tierno.\r\nRetira el pollo de la olla y desmenúzalo con dos tenedores en un tazón grande. Mezcla con un poco de la salsa de cocción para humedecer.\r\nPrecalienta el horno a 400°F (200°C).\r\nColoca las tortillas en una superficie de trabajo y divide la mezcla de pollo desmenuzado entre ellas. Dobla cada tortilla por la mitad para formar un semicírculo.\r\nColoca los tacos doblados en una bandeja para hornear engrasada o forrada con papel aluminio.\r\nCubre los tacos con el queso cheddar rallado.\r\nHornea durante 10-12 minutos, o hasta que el queso se haya derretido y las tortillas estén ligeramente crujientes.\r\nRetira del horno y sirve calientes, acompañados de lechuga picada, tomate, cebolla y crema agria o salsa.\r\nEstos Crock Pot Chicken Baked Tacos son una comida fácil y deliciosa. El pollo se cocina lentamente en una salsa de tomate especiada hasta quedar tierno y jugoso. Luego, se envuelve en tortillas y se hornea con queso cheddar hasta que esté crujiente y derretido. ¡Una cena familiar perfecta y llena de sabor!', 1, 3, 5, '2023-06-27', 2),
(30, 'Fajitas de Garbanzos', 'https://www.themealdb.com/images/media/meals/tvtxpq1511464705.jpg', '2 latas (15 oz cada una) de garbanzos, escurridos y enjuagados\r\n2 cucharadas de aceite de oliva\r\n1 cebolla grande, cortada en tiras\r\n2 pimientos (rojo y verde), cortados en tiras\r\n2 dientes de ajo, picados\r\n1 cucharadita de comino molido\r\n1 cucharadita de pimentón ahumado\r\n1/2 cucharadita de chile en polvo\r\nSal y pimienta al gusto\r\nJugo de 1 limón\r\nTortillas de harina o maíz (8-10 tortillas)\r\nLechuga picada\r\nTomate picado\r\nAguacate en rodajas\r\nCrema agria o salsa para servir', 'En un tazón, mezcla los garbanzos escurridos con 1 cucharada de aceite de oliva, el comino, el pimentón ahumado, el chile en polvo, sal y pimienta. Revuelve bien para cubrir los garbanzos con las especias.\r\n\r\nCalienta la cucharada restante de aceite de oliva en una sartén grande a fuego medio-alto.\r\n\r\nAgrega la cebolla y los pimientos a la sartén y cocina durante 5 minutos, revolviendo ocasionalmente, hasta que estén ligeramente tiernos.\r\n\r\nIncorpora el ajo y los garbanzos especiados. Cocina por 5 minutos más, revolviendo constantemente, hasta que los garbanzos estén ligeramente crujientes.\r\n\r\nRocía con el jugo de limón y revuelve bien.\r\n\r\nCalienta las tortillas según las instrucciones del paquete.\r\n\r\nPara servir, coloca una porción generosa de la mezcla de garbanzos y verduras en el centro de cada tortilla.\r\n\r\nAgrega lechuga picada, tomate, aguacate en rodajas y crema agria o salsa de tu elección.\r\n\r\nDobla o enrolla las tortillas y disfruta.\r\n\r\nEstas fajitas de garbanzos son una opción vegetariana y llena de sabor. Los garbanzos especiados y crujientes, junto con las verduras frescas, crean una combinación deliciosa. Puedes personalizar tus fajitas con tus ingredientes favoritos como queso, cebolla encurtida o jalapeños. ¡Una cena saludable y satisfactoria!', 1, 15, 5, '2023-06-27', 2),
(31, 'Pimientos Rellenos con Quinoa y Frijoles Negros', 'https://www.themealdb.com/images/media/meals/b66myb1683207208.jpg', '6 pimientos campana grandes (cualquier color)\r\n1 taza de quinoa\r\n2 tazas de caldo de verduras o agua\r\n1 lata (15 oz) de frijoles negros, escurridos y enjuagados\r\n1 taza de maíz congelado o en lata, escurrido\r\n1 tomate grande, picado\r\n1/2 taza de cebolla picada\r\n2 dientes de ajo, picados\r\n1 cucharadita de comino molido\r\n1 cucharadita de chile en polvo\r\n1/2 cucharadita de pimentón ahumado\r\nSal y pimienta al gusto\r\n1 taza de queso cheddar rallado (opcional)\r\nCilantro fresco picado para decorar', 'Precalienta el horno a 375°F (190°C).\r\nCorta la parte superior de los pimientos campana y retira las semillas y las membranas interiores. Coloca los pimientos en un refractario para horno.\r\nEn una olla, hierve la quinoa con el caldo de verduras o agua según las instrucciones del paquete, aproximadamente 15 minutos. Retira del fuego y deja reposar tapada durante 5 minutos.\r\nEn un tazón grande, mezcla la quinoa cocida con los frijoles negros, el maíz, el tomate, la cebolla, el ajo, el comino, el chile en polvo, el pimentón ahumado, sal y pimienta.\r\nRellena cada pimiento campana con la mezcla de quinoa y frijoles, presionando suavemente para compactar el relleno.\r\nSi lo deseas, cubre la parte superior de los pimientos rellenos con queso cheddar rallado.\r\nCubre el refractario con papel aluminio y hornea durante 30 minutos.\r\nRetira el papel aluminio y hornea durante 15 minutos más, o hasta que los pimientos estén tiernos y el queso se haya derretido y dorado.\r\nRetira del horno y deja reposar durante 5 minutos.\r\nDecora con cilantro fresco picado antes de servir.\r\nEstos pimientos rellenos son una comida vegetariana sustanciosa y llena de sabor. La quinoa y los frijoles negros aportan proteínas vegetales, mientras que las verduras frescas y las especias brindan un toque vibrante. Puedes ajustar los ingredientes según tus preferencias, agregando más verduras o sustituyendo el queso por una opción vegana. ¡Una cena saludable y deliciosa!cilantro.', 1, 15, 5, '2023-06-27', 2),
(32, 'Chocolate Caliente Chileno', 'https://www.themealdb.com/images/media/meals/xrysxr1483568462.jpg', '4 tazas de leche entera\r\n1/2 barra (3.5 oz) de chocolate amargo, picado\r\n1/4 taza de azúcar\r\n1 cucharadita de extracto de vainilla\r\n1/2 cucharadita de canela molida\r\n1/4 cucharadita de clavos de olor molidos\r\nPizca de pimienta de cayena (opcional)\r\nCrema batida para decorar (opcional)\r\nCanela en polvo para decorar (opcional)', 'En una cacerola, calienta la leche a fuego medio-bajo, revolviendo ocasionalmente, hasta que esté caliente pero sin llegar a hervir.\r\n\r\nRetira la cacerola del fuego y agrega el chocolate picado. Revuelve constantemente hasta que el chocolate se haya derretido por completo y la mezcla esté suave y homogénea.\r\n\r\nIncorpora el azúcar, la vainilla, la canela molida, los clavos de olor y una pizca de pimienta de cayena (si la deseas). Revuelve bien hasta que el azúcar se disuelva por completo.\r\n\r\nVuelve a calentar la mezcla a fuego bajo, revolviendo constantemente, hasta que esté caliente pero sin hervir.\r\n\r\nRetira del fuego y vierte el chocolate caliente en tazas o jarras para servir.\r\n\r\nSi lo deseas, decora con crema batida y un toque de canela en polvo.\r\n\r\nSirve caliente y disfruta de este reconfortante y aromático chocolate caliente chileno.\r\n\r\nEl chocolate caliente chileno es una bebida reconfortante y especiada, perfecta para disfrutar en los días fríos. El chocolate amargo se combina con especias cálidas como la canela, los clavos de olor y una pizca de pimienta de cayena, creando un sabor rico y único. La crema batida y la canela en polvo le dan un toque final delicioso. ¡Una verdadera delicia invernal!', 1, 4, 1, '2023-11-05', 2);

-- --------------------------------------------------------

--
-- Estructura de tabla para la tabla `usuario`
--

CREATE TABLE `usuario` (
  `id_usr` int(11) NOT NULL,
  `nombre` varchar(64) DEFAULT NULL,
  `apellido` varchar(64) CHARACTER SET utf8mb3 COLLATE utf8mb3_general_ci DEFAULT NULL,
  `correo` varchar(16) DEFAULT NULL,
  `password` varchar(64) DEFAULT NULL,
  `activo` tinyint(4) DEFAULT NULL,
  `fecha_creacion` datetime NOT NULL
) ENGINE=InnoDB DEFAULT CHARSET=utf8mb4 COLLATE=utf8mb4_general_ci;

--
-- Volcado de datos para la tabla `usuario`
--

INSERT INTO `usuario` (`id_usr`, `nombre`, `apellido`, `correo`, `password`, `activo`, `fecha_creacion`) VALUES
(1, 'Pedrito', 'Salas', 'psalas@duocuc.cl', 'pass3212', 1, '2024-05-26 17:15:11'),
(2, 'Claudio', 'Sanchez', 'cla.sanchezt@duo', 'cast1301', 1, '2024-05-26 17:15:11');

--
-- Índices para tablas volcadas
--

--
-- Indices de la tabla `carrusel`
--
ALTER TABLE `carrusel`
  ADD PRIMARY KEY (`id_caru`),
  ADD KEY `FK1_idusuario_carrusel` (`id_usr`);

--
-- Indices de la tabla `categoria`
--
ALTER TABLE `categoria`
  ADD PRIMARY KEY (`id_cat`) USING BTREE,
  ADD UNIQUE KEY `nombre` (`nombre`);

--
-- Indices de la tabla `pais`
--
ALTER TABLE `pais`
  ADD PRIMARY KEY (`id_pais`) USING BTREE,
  ADD UNIQUE KEY `nombre` (`nombre`);

--
-- Indices de la tabla `receta`
--
ALTER TABLE `receta`
  ADD PRIMARY KEY (`id_receta`) USING BTREE,
  ADD UNIQUE KEY `nombre` (`nombre`),
  ADD KEY `FK1_categorias` (`id_cat`),
  ADD KEY `FK2_pais` (`id_pais`),
  ADD KEY `FK3_receta` (`id_usr`);

--
-- Indices de la tabla `usuario`
--
ALTER TABLE `usuario`
  ADD PRIMARY KEY (`id_usr`) USING BTREE;

--
-- AUTO_INCREMENT de las tablas volcadas
--

--
-- AUTO_INCREMENT de la tabla `carrusel`
--
ALTER TABLE `carrusel`
  MODIFY `id_caru` int(11) NOT NULL AUTO_INCREMENT, AUTO_INCREMENT=5;

--
-- AUTO_INCREMENT de la tabla `categoria`
--
ALTER TABLE `categoria`
  MODIFY `id_cat` int(11) NOT NULL AUTO_INCREMENT, AUTO_INCREMENT=29;

--
-- AUTO_INCREMENT de la tabla `pais`
--
ALTER TABLE `pais`
  MODIFY `id_pais` int(11) NOT NULL AUTO_INCREMENT, AUTO_INCREMENT=11;

--
-- AUTO_INCREMENT de la tabla `receta`
--
ALTER TABLE `receta`
  MODIFY `id_receta` int(11) NOT NULL AUTO_INCREMENT, AUTO_INCREMENT=38;

--
-- AUTO_INCREMENT de la tabla `usuario`
--
ALTER TABLE `usuario`
  MODIFY `id_usr` int(11) NOT NULL AUTO_INCREMENT, AUTO_INCREMENT=3;

--
-- Restricciones para tablas volcadas
--

--
-- Filtros para la tabla `carrusel`
--
ALTER TABLE `carrusel`
  ADD CONSTRAINT `FK1_idusuario_carrusel` FOREIGN KEY (`id_usr`) REFERENCES `usuario` (`id_usr`) ON DELETE NO ACTION ON UPDATE NO ACTION;

--
-- Filtros para la tabla `receta`
--
ALTER TABLE `receta`
  ADD CONSTRAINT `FK1_categorias` FOREIGN KEY (`id_cat`) REFERENCES `categoria` (`id_cat`) ON DELETE NO ACTION ON UPDATE NO ACTION,
  ADD CONSTRAINT `FK2_pais` FOREIGN KEY (`id_pais`) REFERENCES `pais` (`id_pais`) ON DELETE NO ACTION ON UPDATE NO ACTION,
  ADD CONSTRAINT `FK3_receta` FOREIGN KEY (`id_usr`) REFERENCES `usuario` (`id_usr`) ON DELETE NO ACTION ON UPDATE NO ACTION;
COMMIT;

/*!40101 SET CHARACTER_SET_CLIENT=@OLD_CHARACTER_SET_CLIENT */;
/*!40101 SET CHARACTER_SET_RESULTS=@OLD_CHARACTER_SET_RESULTS */;
/*!40101 SET COLLATION_CONNECTION=@OLD_COLLATION_CONNECTION */;
